{"name":"t:sections.footer.name","type":"footer","sections":{"footer":{"type":"footer","blocks":{"74f9dd7e-2c18-4527-b570-12af2603457b":{"type":"link_list","settings":{"heading":"","menu":"main-menu"}}},"block_order":["74f9dd7e-2c18-4527-b570-12af2603457b"],"settings":{"color_scheme":"accent-1","newsletter_enable":true,"newsletter_heading":"Subscribe to our emails","enable_follow_on_shop":true,"show_social":true,"enable_country_selector":true,"enable_language_selector":true,"payment_enable":true,"show_policy":false,"margin_top":36,"padding_top":36,"padding_bottom":36}}},"order":["footer"]}