{"sections":{"image_banner":{"type":"image-banner","blocks":{"heading":{"type":"heading","settings":{"heading":"<strong>Welcome to my daily tasks<\/strong>","heading_size":"h0"}}},"block_order":["heading"],"settings":{"image":"shopify:\/\/shop_images\/macbook-air-on-desk.jpg","image_overlay_opacity":40,"image_height":"large","desktop_content_position":"middle-center","show_text_box":false,"desktop_content_alignment":"center","color_scheme":"inverse","image_behavior":"none","mobile_content_alignment":"center","stack_images_on_mobile":false,"show_text_below":false}},"featured_collection":{"type":"featured-collection","settings":{"title":"Featured products","heading_size":"h2","description":"","show_description":false,"description_style":"body","collection":"all","products_to_show":25,"columns_desktop":4,"full_width":false,"show_view_all":true,"view_all_style":"solid","enable_desktop_slider":false,"color_scheme":"background-1","image_ratio":"adapt","image_shape":"default","show_secondary_image":true,"show_vendor":false,"show_rating":false,"enable_quick_add":false,"columns_mobile":"2","swipe_on_mobile":false,"padding_top":44,"padding_bottom":36}},"10f529ce-8d04-49f5-aebd-f0ebbbb0bb4b":{"type":"image-banner","disabled":true,"blocks":{"template--19442247434559__10f529ce-8d04-49f5-aebd-f0ebbbb0bb4b-168674905670fd3305-0":{"type":"heading","disabled":true,"settings":{"heading":"Image banner","heading_size":"h1"}},"template--19442247434559__10f529ce-8d04-49f5-aebd-f0ebbbb0bb4b-168674905670fd3305-1":{"type":"text","disabled":true,"settings":{"text":"Give customers details about the banner image(s) or content on the template.","text_style":"body"}},"template--19442247434559__10f529ce-8d04-49f5-aebd-f0ebbbb0bb4b-168674905670fd3305-2":{"type":"buttons","disabled":true,"settings":{"button_label_1":"Button label","button_link_1":"","button_style_secondary_1":false,"button_label_2":"Button label","button_link_2":"","button_style_secondary_2":false}}},"block_order":["template--19442247434559__10f529ce-8d04-49f5-aebd-f0ebbbb0bb4b-168674905670fd3305-0","template--19442247434559__10f529ce-8d04-49f5-aebd-f0ebbbb0bb4b-168674905670fd3305-1","template--19442247434559__10f529ce-8d04-49f5-aebd-f0ebbbb0bb4b-168674905670fd3305-2"],"settings":{"image":"shopify:\/\/shop_images\/rack-of-womens-clothing.jpg","image_2":"shopify:\/\/shop_images\/model-poses-near-bushes.jpg","image_overlay_opacity":0,"image_height":"medium","desktop_content_position":"middle-center","show_text_box":true,"desktop_content_alignment":"center","color_scheme":"","image_behavior":"none","mobile_content_alignment":"center","stack_images_on_mobile":true,"show_text_below":true}},"5884fe99-4544-411d-9cd6-27025dfa57cb":{"type":"Custom-image-banner","settings":{"image":"shopify:\/\/shop_images\/iphone-detects-qr-code.jpg","link_1":"","image_2":"shopify:\/\/shop_images\/merchant-taking-sale-with-chip-and-swipe-reader.jpg","link_2":""}},"45a9b201-d23f-40a2-ad21-81b6c07d141c":{"type":"task_003","settings":{"custom_menu":"task-003-menus"}},"97d2efc3-b5e4-492f-a2a4-5d8ac6e0a946":{"type":"task-004","settings":{}},"53af035e-5acd-4b80-9ad3-40c23620c5a7":{"type":"Task-008","settings":{"imge":"shopify:\/\/shop_images\/tech-meeting-flatlay.jpg"}}},"order":["image_banner","featured_collection","10f529ce-8d04-49f5-aebd-f0ebbbb0bb4b","5884fe99-4544-411d-9cd6-27025dfa57cb","45a9b201-d23f-40a2-ad21-81b6c07d141c","97d2efc3-b5e4-492f-a2a4-5d8ac6e0a946","53af035e-5acd-4b80-9ad3-40c23620c5a7"]}